Time,Time Code,Country Name,Country Code,Electronic payments used to make payments (% age 15+) [GFDD.AI.22],Bank concentration (%) [GFDD.OI.01],Bank net interest margin (%) [GFDD.EI.01]
2000,YR2000,Argentina,ARG,..,32.32473,3.758935
2000,YR2000,Brazil,BRA,..,38.74581,6.399638
2000,YR2000,Australia,AUS,..,68.20748,2.53805
2000,YR2000,China,CHN,..,34.25451,2.413918
2000,YR2000,East Asia & Pacific (IDA total),DEA,..,..,..
2000,YR2000,El Salvador,SLV,..,70.41123,10.43755
2000,YR2000,Europe & Central Asia (IDA total),DEC,..,..,..
2000,YR2000,"Egypt, Arab Rep.",EGY,..,58.43912,1.648397
2000,YR2000,France,FRA,..,56.85839,0.946265
2000,YR2000,Germany,DEU,..,70.23411,1.171033
2000,YR2000,Haiti,HTI,..,..,..
2000,YR2000,Japan,JPN,..,32.23289,1.486815
2000,YR2000,India,IND,..,34.56294,3.266557
2000,YR2000,Indonesia,IDN,..,64.32848,5.077625
2000,YR2000,Italy,ITA,..,75.96104,2.05941
2000,YR2000,"Korea, Rep.",KOR,..,100,2.3437
2000,YR2000,Least developed countries: UN classification,LDC,..,..,..
2000,YR2000,Mexico,MEX,..,57.44442,8.011576
2000,YR2000,Middle East & North Africa (IDA total),DMN,..,..,..
2000,YR2000,Nigeria,NGA,..,27.44961,10.6003
2000,YR2000,Nepal,NPL,..,63.93005,4.128944
2000,YR2000,Netherlands,NLD,..,84.49886,1.202443
2000,YR2000,Pakistan,PAK,..,74.85625,2.852683
2000,YR2000,Philippines,PHL,..,100,..
2000,YR2000,Saudi Arabia,SAU,..,61.06417,3.347876
2000,YR2000,Russian Federation,RUS,..,44.32793,5.256214
2000,YR2000,South Africa,ZAF,..,86.98884,3.762807
2000,YR2000,Spain,ESP,..,69.4521,0.8835245
2000,YR2000,South Asia (IDA total),DSA,..,..,..
2000,YR2000,Switzerland,CHE,..,86.46616,1.266814
2000,YR2000,United States,USA,..,21.45082,3.829482
2000,YR2000,United Kingdom,GBR,..,33.88561,1.260205
2000,YR2000,Vietnam,VNM,..,79.89356,1.722151
2001,YR2001,Argentina,ARG,..,35.19167,9.205601
2001,YR2001,Brazil,BRA,..,39.1104,6.086042
2001,YR2001,Australia,AUS,..,74.34444,1.786959
2001,YR2001,China,CHN,..,46.19952,2.013234
2001,YR2001,East Asia & Pacific (IDA total),DEA,..,..,..
2001,YR2001,El Salvador,SLV,..,72.79671,6.602
2001,YR2001,Europe & Central Asia (IDA total),DEC,..,..,..
2001,YR2001,"Egypt, Arab Rep.",EGY,..,60.80149,1.281595
2001,YR2001,France,FRA,..,59.42126,0.8864716
2001,YR2001,Germany,DEU,..,70.9699,1.085657
2001,YR2001,Haiti,HTI,..,..,..
2001,YR2001,Japan,JPN,..,34.96366,1.228424
2001,YR2001,India,IND,..,34.7914,3.36064
2001,YR2001,Indonesia,IDN,..,62.6501,3.896086
2001,YR2001,Italy,ITA,..,66.75957,2.189937
2001,YR2001,"Korea, Rep.",KOR,..,..,..
2001,YR2001,Least developed countries: UN classification,LDC,..,..,..
2001,YR2001,Mexico,MEX,..,66.38476,7.218919
2001,YR2001,Middle East & North Africa (IDA total),DMN,..,..,..
2001,YR2001,Nigeria,NGA,..,23.52058,10.34291
2001,YR2001,Nepal,NPL,..,59.45649,3.892894
2001,YR2001,Netherlands,NLD,..,87.06261,1.217133
2001,YR2001,Pakistan,PAK,..,73.61308,3.243576
2001,YR2001,Philippines,PHL,..,..,..
2001,YR2001,Saudi Arabia,SAU,..,59.98779,3.593688
2001,YR2001,Russian Federation,RUS,..,43.0685,4.886079
2001,YR2001,South Africa,ZAF,..,81.15051,4.198052
2001,YR2001,Spain,ESP,..,73.32962,2.712465
2001,YR2001,South Asia (IDA total),DSA,..,..,..
2001,YR2001,Switzerland,CHE,..,88.8428,1.189193
2001,YR2001,United States,USA,..,23.12253,3.830588
2001,YR2001,United Kingdom,GBR,..,35.85346,0.9536953
2001,YR2001,Vietnam,VNM,..,84.04386,3.693701
2002,YR2002,Argentina,ARG,..,40.1637,3.028021
2002,YR2002,Brazil,BRA,..,42.57401,6.188078
2002,YR2002,Australia,AUS,..,97.10479,1.437584
2002,YR2002,China,CHN,..,42.2144,2.206192
2002,YR2002,East Asia & Pacific (IDA total),DEA,..,..,..
2002,YR2002,El Salvador,SLV,..,71.78174,6.235452
2002,YR2002,Europe & Central Asia (IDA total),DEC,..,..,..
2002,YR2002,"Egypt, Arab Rep.",EGY,..,59.54879,1.330787
2002,YR2002,France,FRA,..,55.03352,1.160303
2002,YR2002,Germany,DEU,..,72.70939,1.199346
2002,YR2002,Haiti,HTI,..,..,..
2002,YR2002,Japan,JPN,..,38.54346,1.266509
2002,YR2002,India,IND,..,35.73361,3.047019
2002,YR2002,Indonesia,IDN,..,59.20391,4.842962
2002,YR2002,Italy,ITA,..,57.00452,1.368014
2002,YR2002,"Korea, Rep.",KOR,..,..,..
2002,YR2002,Least developed countries: UN classification,LDC,..,..,..
2002,YR2002,Mexico,MEX,..,66.46613,6.204782
2002,YR2002,Middle East & North Africa (IDA total),DMN,..,..,..
2002,YR2002,Nigeria,NGA,..,23.32425,12.12023
2002,YR2002,Nepal,NPL,..,55.27587,3.354067
2002,YR2002,Netherlands,NLD,..,55.05833,1.340605
2002,YR2002,Pakistan,PAK,..,71.90908,3.23764
2002,YR2002,Philippines,PHL,..,100,..
2002,YR2002,Saudi Arabia,SAU,..,57.87997,3.689096
2002,YR2002,Russian Federation,RUS,..,52.59254,5.961298
2002,YR2002,South Africa,ZAF,..,..,..
2002,YR2002,Spain,ESP,..,83.76247,2.769121
2002,YR2002,South Asia (IDA total),DSA,..,..,..
2002,YR2002,Switzerland,CHE,..,90.10338,1.29091
2002,YR2002,United States,USA,..,23.45151,3.945815
2002,YR2002,United Kingdom,GBR,..,36.48047,1.396546
2002,YR2002,Vietnam,VNM,..,81.84106,2.666456
2003,YR2003,Argentina,ARG,..,45.95664,1.918514
2003,YR2003,Brazil,BRA,..,49.04529,8.35708
2003,YR2003,Australia,AUS,..,100,1.150757
2003,YR2003,China,CHN,..,69.64001,2.102311
2003,YR2003,East Asia & Pacific (IDA total),DEA,..,..,..
2003,YR2003,El Salvador,SLV,..,74.97323,6.288102
2003,YR2003,Europe & Central Asia (IDA total),DEC,..,..,..
2003,YR2003,"Egypt, Arab Rep.",EGY,..,59.83116,1.253067
2003,YR2003,France,FRA,..,57.46697,1.12151
2003,YR2003,Germany,DEU,..,71.77553,0.9935254
2003,YR2003,Haiti,HTI,..,100,..
2003,YR2003,Japan,JPN,..,36.53641,1.455906
2003,YR2003,India,IND,..,35.0308,3.342012
2003,YR2003,Indonesia,IDN,..,56.26823,5.336298
2003,YR2003,Italy,ITA,..,64.76309,1.681534
2003,YR2003,"Korea, Rep.",KOR,..,..,..
2003,YR2003,Least developed countries: UN classification,LDC,..,..,..
2003,YR2003,Mexico,MEX,..,65.79046,4.909974
2003,YR2003,Middle East & North Africa (IDA total),DMN,..,..,..
2003,YR2003,Nigeria,NGA,..,23.40893,10.92306
2003,YR2003,Nepal,NPL,..,52.08041,4.006841
2003,YR2003,Netherlands,NLD,..,70.56584,1.033774
2003,YR2003,Pakistan,PAK,..,65.13717,3.702605
2003,YR2003,Philippines,PHL,..,98.729,5.600646
2003,YR2003,Saudi Arabia,SAU,..,57.45451,3.515864
2003,YR2003,Russian Federation,RUS,..,35.01406,4.333511
2003,YR2003,South Africa,ZAF,..,..,..
2003,YR2003,Spain,ESP,..,95.40198,2.601894
2003,YR2003,South Asia (IDA total),DSA,..,..,..
2003,YR2003,Switzerland,CHE,..,90.0468,1.342547
2003,YR2003,United States,USA,..,23.32837,3.71074
2003,YR2003,United Kingdom,GBR,..,33.83769,1.88263
2003,YR2003,Vietnam,VNM,..,80.40945,2.99886
2004,YR2004,Argentina,ARG,..,45.71803,2.359542
2004,YR2004,Brazil,BRA,..,47.16955,7.542227
2004,YR2004,Australia,AUS,..,..,..
2004,YR2004,China,CHN,..,73.48777,2.34304
2004,YR2004,East Asia & Pacific (IDA total),DEA,..,..,..
2004,YR2004,El Salvador,SLV,..,71.38071,5.490497
2004,YR2004,Europe & Central Asia (IDA total),DEC,..,..,..
2004,YR2004,"Egypt, Arab Rep.",EGY,..,57.97429,1.631958
2004,YR2004,France,FRA,..,62.33776,0.9986107
2004,YR2004,Germany,DEU,..,72.73246,1.039831
2004,YR2004,Haiti,HTI,..,100,11.27036
2004,YR2004,Japan,JPN,..,36.96986,1.388674
2004,YR2004,India,IND,..,33.11151,3.719435
2004,YR2004,Indonesia,IDN,..,47.50103,6.356361
2004,YR2004,Italy,ITA,..,84.72382,2.465724
2004,YR2004,"Korea, Rep.",KOR,..,..,..
2004,YR2004,Least developed countries: UN classification,LDC,..,..,..
2004,YR2004,Mexico,MEX,..,62.4257,7.702978
2004,YR2004,Middle East & North Africa (IDA total),DMN,..,..,..
2004,YR2004,Nigeria,NGA,..,36.10556,7.533008
2004,YR2004,Nepal,NPL,..,49.95343,4.001895
2004,YR2004,Netherlands,NLD,..,85.73112,1.738589
2004,YR2004,Pakistan,PAK,..,62.39592,3.642938
2004,YR2004,Philippines,PHL,..,72.274,6.543861
2004,YR2004,Saudi Arabia,SAU,..,55.20509,3.53821
2004,YR2004,Russian Federation,RUS,..,24.5309,4.489216
2004,YR2004,South Africa,ZAF,..,99.53939,..
2004,YR2004,Spain,ESP,..,96.9696,2.641803
2004,YR2004,South Asia (IDA total),DSA,..,..,..
2004,YR2004,Switzerland,CHE,..,91.36523,1.240808
2004,YR2004,United States,USA,..,28.07035,3.506137
2004,YR2004,United Kingdom,GBR,..,68.17005,2.273998
2004,YR2004,Vietnam,VNM,..,78.28372,3.209979
2005,YR2005,Argentina,ARG,..,46.40374,2.518042
2005,YR2005,Brazil,BRA,..,46.13915,7.048568
2005,YR2005,Australia,AUS,..,71.66194,..
2005,YR2005,China,CHN,..,70.25038,2.605637
2005,YR2005,East Asia & Pacific (IDA total),DEA,..,..,..
2005,YR2005,El Salvador,SLV,..,72.6808,5.835105
2005,YR2005,Europe & Central Asia (IDA total),DEC,..,..,..
2005,YR2005,"Egypt, Arab Rep.",EGY,..,58.34145,1.739973
2005,YR2005,France,FRA,..,65.31911,0.8274423
2005,YR2005,Germany,DEU,..,74.40073,0.9291481
2005,YR2005,Haiti,HTI,..,92.96164,8.967528
2005,YR2005,Japan,JPN,..,37.19146,1.226512
2005,YR2005,India,IND,..,33.98258,3.525682
2005,YR2005,Indonesia,IDN,..,43.49636,5.851497
2005,YR2005,Italy,ITA,..,32.34258,3.816217
2005,YR2005,"Korea, Rep.",KOR,..,100,..
2005,YR2005,Least developed countries: UN classification,LDC,..,..,..
2005,YR2005,Mexico,MEX,..,60.41412,2.045228
2005,YR2005,Middle East & North Africa (IDA total),DMN,..,..,..
2005,YR2005,Nigeria,NGA,..,58.96488,7.301809
2005,YR2005,Nepal,NPL,..,53.33233,4.21194
2005,YR2005,Netherlands,NLD,..,87.84153,0.8265077
2005,YR2005,Pakistan,PAK,..,63.01085,4.092424
2005,YR2005,Philippines,PHL,..,41.21859,5.01019
2005,YR2005,Saudi Arabia,SAU,..,54.36959,3.555165
2005,YR2005,Russian Federation,RUS,..,29.74108,8.203777
2005,YR2005,South Africa,ZAF,..,97.3242,3.066152
2005,YR2005,Spain,ESP,..,67.7221,2.68366
2005,YR2005,South Asia (IDA total),DSA,..,..,..
2005,YR2005,Switzerland,CHE,..,92.53001,0.6906711
2005,YR2005,United States,USA,..,29.96606,3.472205
2005,YR2005,United Kingdom,GBR,..,50.45573,2.656534
2005,YR2005,Vietnam,VNM,..,61.27538,2.354965
2006,YR2006,Argentina,ARG,..,43.81669,3.267202
2006,YR2006,Brazil,BRA,..,52.68895,7.795135
2006,YR2006,Australia,AUS,..,62.18586,4.300599
2006,YR2006,China,CHN,..,74.93311,2.625903
2006,YR2006,East Asia & Pacific (IDA total),DEA,..,..,..
2006,YR2006,El Salvador,SLV,..,64.38177,6.644235
2006,YR2006,Europe & Central Asia (IDA total),DEC,..,..,..
2006,YR2006,"Egypt, Arab Rep.",EGY,..,59.3365,1.35102
2006,YR2006,France,FRA,..,66.64575,0.7253682
2006,YR2006,Germany,DEU,..,73.35413,1.047733
2006,YR2006,Haiti,HTI,..,100,10.01164
2006,YR2006,Japan,JPN,..,40.01756,1.1382
2006,YR2006,India,IND,..,33.92292,3.37657
2006,YR2006,Indonesia,IDN,..,47.91892,6.17064
2006,YR2006,Italy,ITA,..,34.02148,2.248363
2006,YR2006,"Korea, Rep.",KOR,..,..,..
2006,YR2006,Least developed countries: UN classification,LDC,..,..,..
2006,YR2006,Mexico,MEX,..,57.70306,15.35548
2006,YR2006,Middle East & North Africa (IDA total),DMN,..,..,..
2006,YR2006,Nigeria,NGA,..,71.08604,6.831202
2006,YR2006,Nepal,NPL,..,42.49131,3.551384
2006,YR2006,Netherlands,NLD,..,88.0157,0.267689
2006,YR2006,Pakistan,PAK,..,67.3838,3.890848
2006,YR2006,Philippines,PHL,..,39.60983,3.765915
2006,YR2006,Saudi Arabia,SAU,..,53.68805,3.687636
2006,YR2006,Russian Federation,RUS,..,26.70958,5.520644
2006,YR2006,South Africa,ZAF,..,77.28702,3.430844
2006,YR2006,Spain,ESP,..,64.93584,1.755357
2006,YR2006,South Asia (IDA total),DSA,..,..,..
2006,YR2006,Switzerland,CHE,..,93.59629,0.6115026
2006,YR2006,United States,USA,..,32.80833,3.211213
2006,YR2006,United Kingdom,GBR,..,52.31615,1.534691
2006,YR2006,Vietnam,VNM,..,55.01307,3.06773
2007,YR2007,Argentina,ARG,..,41.64532,3.86371
2007,YR2007,Brazil,BRA,..,48.00673,7.528576
2007,YR2007,Australia,AUS,..,60.63155,2.263541
2007,YR2007,China,CHN,..,70.96217,2.967094
2007,YR2007,East Asia & Pacific (IDA total),DEA,..,..,..
2007,YR2007,El Salvador,SLV,..,62.41444,5.830315
2007,YR2007,Europe & Central Asia (IDA total),DEC,..,..,..
2007,YR2007,"Egypt, Arab Rep.",EGY,..,53.92954,1.895066
2007,YR2007,France,FRA,..,62.33659,0.6306416
2007,YR2007,Germany,DEU,..,73.63785,0.998934
2007,YR2007,Haiti,HTI,..,100,10.60181
2007,YR2007,Japan,JPN,..,38.2675,1.195796
2007,YR2007,India,IND,..,32.93119,3.33443
2007,YR2007,Indonesia,IDN,..,42.63811,6.502743
2007,YR2007,Italy,ITA,..,45.5672,2.225605
2007,YR2007,"Korea, Rep.",KOR,..,..,..
2007,YR2007,Least developed countries: UN classification,LDC,..,..,..
2007,YR2007,Mexico,MEX,..,59.84275,3.471352
2007,YR2007,Middle East & North Africa (IDA total),DMN,..,..,..
2007,YR2007,Nigeria,NGA,..,76.03303,6.634426
2007,YR2007,Nepal,NPL,..,35.82299,4.397047
2007,YR2007,Netherlands,NLD,..,91.41965,0.8417382
2007,YR2007,Pakistan,PAK,..,74.33465,3.65028
2007,YR2007,Philippines,PHL,..,49.95179,4.253044
2007,YR2007,Saudi Arabia,SAU,..,55.43754,3.531985
2007,YR2007,Russian Federation,RUS,..,23.81274,5.083131
2007,YR2007,South Africa,ZAF,..,77.32166,3.492957
2007,YR2007,Spain,ESP,..,67.86147,1.603659
2007,YR2007,South Asia (IDA total),DSA,..,..,..
2007,YR2007,Switzerland,CHE,..,94.10828,0.4919322
2007,YR2007,United States,USA,..,34.06005,3.135414
2007,YR2007,United Kingdom,GBR,..,59.3606,1.868864
2007,YR2007,Vietnam,VNM,..,47.34882,2.710215
2008,YR2008,Argentina,ARG,..,40.57864,3.842911
2008,YR2008,Brazil,BRA,..,51.31218,3.447092
2008,YR2008,Australia,AUS,..,63.06992,2.021124
2008,YR2008,China,CHN,..,72.70753,2.986934
2008,YR2008,East Asia & Pacific (IDA total),DEA,..,..,..
2008,YR2008,El Salvador,SLV,..,63.35163,5.638469
2008,YR2008,Europe & Central Asia (IDA total),DEC,..,..,..
2008,YR2008,"Egypt, Arab Rep.",EGY,..,58.31888,2.052358
2008,YR2008,France,FRA,..,61.98769,0.9048653
2008,YR2008,Germany,DEU,..,73.94848,0.9373739
2008,YR2008,Haiti,HTI,..,91.40858,9.698083
2008,YR2008,Japan,JPN,..,44.95909,1.249396
2008,YR2008,India,IND,..,32.51981,3.141147
2008,YR2008,Indonesia,IDN,..,43.35226,5.633601
2008,YR2008,Italy,ITA,..,52.52488,1.844988
2008,YR2008,"Korea, Rep.",KOR,..,..,..
2008,YR2008,Least developed countries: UN classification,LDC,..,..,..
2008,YR2008,Mexico,MEX,..,59.21181,4.83277
2008,YR2008,Middle East & North Africa (IDA total),DMN,..,..,..
2008,YR2008,Nigeria,NGA,..,78.25548,6.636384
2008,YR2008,Nepal,NPL,..,30.84994,3.727997
2008,YR2008,Netherlands,NLD,..,91.28211,0.5721643
2008,YR2008,Pakistan,PAK,..,74.79115,4.215409
2008,YR2008,Philippines,PHL,..,47.50814,3.672646
2008,YR2008,Saudi Arabia,SAU,..,53.15312,3.256047
2008,YR2008,Russian Federation,RUS,..,22.3073,5.000647
2008,YR2008,South Africa,ZAF,..,78.3717,2.712803
2008,YR2008,Spain,ESP,..,73.32315,1.356886
2008,YR2008,South Asia (IDA total),DSA,..,..,..
2008,YR2008,Switzerland,CHE,..,93.01556,0.4677093
2008,YR2008,United States,USA,..,35.51787,3.0996
2008,YR2008,United Kingdom,GBR,..,63.01719,1.698274
2008,YR2008,Vietnam,VNM,..,37.90861,2.497484
2009,YR2009,Argentina,ARG,..,42.32477,5.200531
2009,YR2009,Brazil,BRA,..,66.40308,6.280361
2009,YR2009,Australia,AUS,..,64.69945,2.026753
2009,YR2009,China,CHN,..,69.00539,2.304833
2009,YR2009,East Asia & Pacific (IDA total),DEA,..,..,..
2009,YR2009,El Salvador,SLV,..,63.91059,5.873926
2009,YR2009,Europe & Central Asia (IDA total),DEC,..,..,..
2009,YR2009,"Egypt, Arab Rep.",EGY,..,58.07486,2.389418
2009,YR2009,France,FRA,..,65.03152,1.018764
2009,YR2009,Germany,DEU,..,77.99927,1.124754
2009,YR2009,Haiti,HTI,..,91.19427,8.617114
2009,YR2009,Japan,JPN,..,44.70292,1.128542
2009,YR2009,India,IND,..,32.06525,2.730931
2009,YR2009,Indonesia,IDN,..,44.53396,6.60017
2009,YR2009,Italy,ITA,..,54.5753,1.616659
2009,YR2009,"Korea, Rep.",KOR,..,..,..
2009,YR2009,Least developed countries: UN classification,LDC,..,..,..
2009,YR2009,Mexico,MEX,..,41.55072,4.823021
2009,YR2009,Middle East & North Africa (IDA total),DMN,..,..,..
2009,YR2009,Nigeria,NGA,..,78.0383,2.556128
2009,YR2009,Nepal,NPL,..,28.13981,3.752455
2009,YR2009,Netherlands,NLD,..,89.30912,0.7989877
2009,YR2009,Pakistan,PAK,..,75.24137,4.180476
2009,YR2009,Philippines,PHL,..,46.66296,3.901176
2009,YR2009,Saudi Arabia,SAU,..,57.0146,3.067318
2009,YR2009,Russian Federation,RUS,..,29.26071,4.476003
2009,YR2009,South Africa,ZAF,..,77.78316,3.081743
2009,YR2009,Spain,ESP,..,70.84338,1.836235
2009,YR2009,South Asia (IDA total),DSA,..,..,..
2009,YR2009,Switzerland,CHE,..,91.16359,0.4957606
2009,YR2009,United States,USA,..,35.06626,3.411629
2009,YR2009,United Kingdom,GBR,..,57.04763,1.597129
2009,YR2009,Vietnam,VNM,..,41.5798,3.431548
2010,YR2010,Argentina,ARG,..,32.57479,5.648875
2010,YR2010,Brazil,BRA,..,61.85835,5.026937
2010,YR2010,Australia,AUS,..,68.05941,2.051654
2010,YR2010,China,CHN,..,59.53288,3.054287
2010,YR2010,East Asia & Pacific (IDA total),DEA,..,..,..
2010,YR2010,El Salvador,SLV,..,60.38453,2.599676
2010,YR2010,Europe & Central Asia (IDA total),DEC,..,..,..
2010,YR2010,"Egypt, Arab Rep.",EGY,..,59.62326,2.439566
2010,YR2010,France,FRA,..,66.3362,0.903239
2010,YR2010,Germany,DEU,..,79.37683,0.9450721
2010,YR2010,Haiti,HTI,..,94.39179,7.413112
2010,YR2010,Japan,JPN,..,44.00381,1.119896
2010,YR2010,India,IND,..,30.13038,3.084793
2010,YR2010,Indonesia,IDN,..,42.72377,6.848227
2010,YR2010,Italy,ITA,..,61.56187,1.592292
2010,YR2010,"Korea, Rep.",KOR,..,51.757,..
2010,YR2010,Least developed countries: UN classification,LDC,..,..,..
2010,YR2010,Mexico,MEX,..,50.98429,4.805215
2010,YR2010,Middle East & North Africa (IDA total),DMN,..,..,..
2010,YR2010,Nigeria,NGA,..,84.71514,2.243317
2010,YR2010,Nepal,NPL,..,26.14405,4.366167
2010,YR2010,Netherlands,NLD,..,77.31897,0.8058946
2010,YR2010,Pakistan,PAK,..,89.35013,3.116037
2010,YR2010,Philippines,PHL,..,47.60944,4.079188
2010,YR2010,Saudi Arabia,SAU,..,57.78489,2.92321
2010,YR2010,Russian Federation,RUS,..,29.48496,4.27708
2010,YR2010,South Africa,ZAF,..,79.17689,3.069654
2010,YR2010,Spain,ESP,..,67.29557,1.811443
2010,YR2010,South Asia (IDA total),DSA,..,..,..
2010,YR2010,Switzerland,CHE,..,89.85083,0.6079191
2010,YR2010,United States,USA,..,34.71307,3.80898
2010,YR2010,United Kingdom,GBR,..,56.81635,2.127417
2010,YR2010,Vietnam,VNM,..,40.18095,3.097723
2011,YR2011,Argentina,ARG,..,32.47734,6.939849
2011,YR2011,Brazil,BRA,..,62.03946,5.030931
2011,YR2011,Australia,AUS,..,68.63185,2.091921
2011,YR2011,China,CHN,..,53.3779,3.175632
2011,YR2011,East Asia & Pacific (IDA total),DEA,..,..,..
2011,YR2011,El Salvador,SLV,..,57.89364,6.202444
2011,YR2011,Europe & Central Asia (IDA total),DEC,..,..,..
2011,YR2011,"Egypt, Arab Rep.",EGY,..,59.43735,2.626691
2011,YR2011,France,FRA,..,62.64396,0.9717309
2011,YR2011,Germany,DEU,..,78.67049,0.7976035
2011,YR2011,Haiti,HTI,..,94.02042,6.354051
2011,YR2011,Japan,JPN,..,43.24121,1.125781
2011,YR2011,India,IND,..,29.4784,3.349387
2011,YR2011,Indonesia,IDN,..,41.82341,6.26243
2011,YR2011,Italy,ITA,..,62.55447,1.43244
2011,YR2011,"Korea, Rep.",KOR,..,51.3499,2.65326
2011,YR2011,Least developed countries: UN classification,LDC,..,..,..
2011,YR2011,Mexico,MEX,..,55.10509,3.124663
2011,YR2011,Middle East & North Africa (IDA total),DMN,..,..,..
2011,YR2011,Nigeria,NGA,..,45.2664,11.9194
2011,YR2011,Nepal,NPL,..,25.51838,4.451633
2011,YR2011,Netherlands,NLD,..,80.86779,1.032614
2011,YR2011,Pakistan,PAK,..,95.25009,3.269582
2011,YR2011,Philippines,PHL,..,40.58406,3.724693
2011,YR2011,Saudi Arabia,SAU,..,57.15681,2.868091
2011,YR2011,Russian Federation,RUS,..,27.99335,4.15607
2011,YR2011,South Africa,ZAF,..,77.80879,2.763536
2011,YR2011,Spain,ESP,..,56.34143,1.607787
2011,YR2011,South Asia (IDA total),DSA,..,..,..
2011,YR2011,Switzerland,CHE,..,90.51749,0.6209772
2011,YR2011,United States,USA,..,35.62636,3.645342
2011,YR2011,United Kingdom,GBR,..,57.38816,1.647957
2011,YR2011,Vietnam,VNM,..,37.89379,4.001793
2012,YR2012,Argentina,ARG,..,32.58154,7.872707
2012,YR2012,Brazil,BRA,..,49.3904,3.933845
2012,YR2012,Australia,AUS,..,70.8965,1.89526
2012,YR2012,China,CHN,..,99.9418,3.259657
2012,YR2012,East Asia & Pacific (IDA total),DEA,..,..,..
2012,YR2012,El Salvador,SLV,..,64.33301,6.123831
2012,YR2012,Europe & Central Asia (IDA total),DEC,..,..,..
2012,YR2012,"Egypt, Arab Rep.",EGY,..,58.16376,3.701155
2012,YR2012,France,FRA,..,61.80819,0.8235679
2012,YR2012,Germany,DEU,..,79.01711,0.8015723
2012,YR2012,Haiti,HTI,..,91.5954,6.306836
2012,YR2012,Japan,JPN,..,43.12173,1.022488
2012,YR2012,India,IND,..,28.80429,3.068149
2012,YR2012,Indonesia,IDN,..,40.60376,5.874317
2012,YR2012,Italy,ITA,..,61.80725,1.446643
2012,YR2012,"Korea, Rep.",KOR,..,50.41817,2.529585
2012,YR2012,Least developed countries: UN classification,LDC,..,..,..
2012,YR2012,Mexico,MEX,..,54.75074,2.777347
2012,YR2012,Middle East & North Africa (IDA total),DMN,..,..,..
2012,YR2012,Nigeria,NGA,..,39.10059,9.363226
2012,YR2012,Nepal,NPL,..,23.02354,3.697537
2012,YR2012,Netherlands,NLD,..,84.41895,1.158359
2012,YR2012,Pakistan,PAK,..,42.81449,8.128844
2012,YR2012,Philippines,PHL,..,41.30985,3.501565
2012,YR2012,Saudi Arabia,SAU,..,55.94012,2.761151
2012,YR2012,Russian Federation,RUS,..,30.77114,4.032587
2012,YR2012,South Africa,ZAF,..,77.04681,3.047073
2012,YR2012,Spain,ESP,..,56.88147,1.715941
2012,YR2012,South Asia (IDA total),DSA,..,..,..
2012,YR2012,Switzerland,CHE,..,82.07983,0.6952312
2012,YR2012,United States,USA,..,35.10137,3.525067
2012,YR2012,United Kingdom,GBR,..,54.9037,1.041306
2012,YR2012,Vietnam,VNM,..,49.60382,4.289268
2013,YR2013,Argentina,ARG,..,35.56231,8.060126
2013,YR2013,Brazil,BRA,..,61.0966,3.992892
2013,YR2013,Australia,AUS,..,71.11245,1.903321
2013,YR2013,China,CHN,..,99.93853,2.98053
2013,YR2013,East Asia & Pacific (IDA total),DEA,..,..,..
2013,YR2013,El Salvador,SLV,..,56.48249,6.442944
2013,YR2013,Europe & Central Asia (IDA total),DEC,..,..,..
2013,YR2013,"Egypt, Arab Rep.",EGY,..,57.32021,3.858091
2013,YR2013,France,FRA,..,60.35626,0.9279315
2013,YR2013,Germany,DEU,..,75.33124,0.8743087
2013,YR2013,Haiti,HTI,..,90.7866,6.66476
2013,YR2013,Japan,JPN,..,43.0024,0.8876038
2013,YR2013,India,IND,..,29.21181,3.010606
2013,YR2013,Indonesia,IDN,..,38.40766,5.231655
2013,YR2013,Italy,ITA,..,62.7711,1.299654
2013,YR2013,"Korea, Rep.",KOR,..,49.84227,2.233113
2013,YR2013,Least developed countries: UN classification,LDC,..,..,..
2013,YR2013,Mexico,MEX,..,37.34406,3.129581
2013,YR2013,Middle East & North Africa (IDA total),DMN,..,..,..
2013,YR2013,Nigeria,NGA,..,40.04971,7.724467
2013,YR2013,Nepal,NPL,..,22.5047,4.391518
2013,YR2013,Netherlands,NLD,..,86.40077,1.353267
2013,YR2013,Pakistan,PAK,..,42.65822,3.87404
2013,YR2013,Philippines,PHL,..,43.37424,3.238279
2013,YR2013,Saudi Arabia,SAU,..,54.92786,2.724701
2013,YR2013,Russian Federation,RUS,..,29.30925,4.120831
2013,YR2013,South Africa,ZAF,..,76.6933,3.073171
2013,YR2013,Spain,ESP,..,62.10035,1.336097
2013,YR2013,South Asia (IDA total),DSA,..,..,..
2013,YR2013,Switzerland,CHE,..,86.71101,0.8931687
2013,YR2013,United States,USA,..,35.03076,3.428011
2013,YR2013,United Kingdom,GBR,..,51.62252,1.498009
2013,YR2013,Vietnam,VNM,..,53.175,3.110981
2014,YR2014,Argentina,ARG,31.28153,36.61426,8.203206
2014,YR2014,Brazil,BRA,46.9631,63.43529,3.075857
2014,YR2014,Australia,AUS,93.22094,70.92371,1.974184
2014,YR2014,China,CHN,37.63516,40.58651,2.806075
2014,YR2014,East Asia & Pacific (IDA total),DEA,..,..,..
2014,YR2014,El Salvador,SLV,21.3396,58.81084,10.55745
2014,YR2014,Europe & Central Asia (IDA total),DEC,..,..,..
2014,YR2014,"Egypt, Arab Rep.",EGY,5.359989,60.14886,3.766746
2014,YR2014,France,FRA,90.0071,61.14015,0.7135003
2014,YR2014,Germany,DEU,93.32511,75.87688,0.9534323
2014,YR2014,Haiti,HTI,8.010692,90.09018,6.754228
2014,YR2014,Japan,JPN,80.47123,44.75411,0.9150746
2014,YR2014,India,IND,15.7233,29.34549,2.850189
2014,YR2014,Indonesia,IDN,16.39248,40.33564,5.67866
2014,YR2014,Italy,ITA,66.24659,64.38723,1.325132
2014,YR2014,"Korea, Rep.",KOR,83.3177,50.13593,2.059751
2014,YR2014,Least developed countries: UN classification,LDC,..,..,..
2014,YR2014,Mexico,MEX,25.25799,37.81215,3.431508
2014,YR2014,Middle East & North Africa (IDA total),DMN,..,..,..
2014,YR2014,Nigeria,NGA,29.17138,40.00892,7.122639
2014,YR2014,Nepal,NPL,5.621354,22.59654,4.243114
2014,YR2014,Netherlands,NLD,96.55459,87.60651,1.447282
2014,YR2014,Pakistan,PAK,6.18613,41.60359,4.512696
2014,YR2014,Philippines,PHL,17.5533,45.15558,3.436024
2014,YR2014,Saudi Arabia,SAU,45.52318,54.24134,2.678158
2014,YR2014,Russian Federation,RUS,44.33476,31.97024,4.274002
2014,YR2014,South Africa,ZAF,52.69738,77.38692,3.325192
2014,YR2014,Spain,ESP,90.27765,63.49393,1.310982
2014,YR2014,South Asia (IDA total),DSA,..,..,..
2014,YR2014,Switzerland,CHE,86.57699,87.52841,0.8812229
2014,YR2014,United States,USA,88.27854,36.16505,3.461277
2014,YR2014,United Kingdom,GBR,95.59079,55.14208,1.479173
2014,YR2014,Vietnam,VNM,10.59299,46.25313,2.704529
2015,YR2015,Argentina,ARG,..,54.03545,7.401737
2015,YR2015,Brazil,BRA,..,73.8635,4.062174
2015,YR2015,Australia,AUS,..,69.93542,1.552482
2015,YR2015,China,CHN,..,40.57019,2.778326
2015,YR2015,East Asia & Pacific (IDA total),DEA,..,..,..
2015,YR2015,El Salvador,SLV,..,82.16869,8.159332
2015,YR2015,Europe & Central Asia (IDA total),DEC,..,..,..
2015,YR2015,"Egypt, Arab Rep.",EGY,..,55.8673,4.182783
2015,YR2015,France,FRA,..,65.48411,0.5652908
2015,YR2015,Germany,DEU,..,77.25694,0.6737522
2015,YR2015,Haiti,HTI,..,80.28009,5.31735
2015,YR2015,Japan,JPN,..,44.56612,0.8236812
2015,YR2015,India,IND,..,29.61698,2.777501
2015,YR2015,Indonesia,IDN,..,39.81425,6.006371
2015,YR2015,Italy,ITA,..,61.46405,1.165442
2015,YR2015,"Korea, Rep.",KOR,..,64.12729,1.81135
2015,YR2015,Least developed countries: UN classification,LDC,..,..,..
2015,YR2015,Mexico,MEX,..,52.23878,4.830236
2015,YR2015,Middle East & North Africa (IDA total),DMN,..,..,..
2015,YR2015,Nigeria,NGA,..,37.64658,6.706002
2015,YR2015,Nepal,NPL,..,19.2763,4.259827
2015,YR2015,Netherlands,NLD,..,79.66119,1.492841
2015,YR2015,Pakistan,PAK,..,41.21306,4.2566
2015,YR2015,Philippines,PHL,..,46.00648,3.463054
2015,YR2015,Saudi Arabia,SAU,..,54.86071,2.593141
2015,YR2015,Russian Federation,RUS,..,54.89455,3.064507
2015,YR2015,South Africa,ZAF,..,78.64989,2.888509
2015,YR2015,Spain,ESP,..,58.35396,1.014577
2015,YR2015,South Asia (IDA total),DSA,..,..,..
2015,YR2015,Switzerland,CHE,..,77.98145,1.113232
2015,YR2015,United States,USA,..,42.28526,3.249305
2015,YR2015,United Kingdom,GBR,..,57.9376,1.970707
2015,YR2015,Vietnam,VNM,..,52.99893,3.567242
2016,YR2016,Argentina,ARG,..,52.52215,10.24061
2016,YR2016,Brazil,BRA,..,75.25742,7.454359
2016,YR2016,Australia,AUS,..,69.67937,1.767348
2016,YR2016,China,CHN,..,39.34363,2.281803
2016,YR2016,East Asia & Pacific (IDA total),DEA,..,..,..
2016,YR2016,El Salvador,SLV,..,80.48013,4.878627
2016,YR2016,Europe & Central Asia (IDA total),DEC,..,..,..
2016,YR2016,"Egypt, Arab Rep.",EGY,..,64.08236,3.685876
2016,YR2016,France,FRA,..,64.6042,0.5879185
2016,YR2016,Germany,DEU,..,75.73625,0.7607464
2016,YR2016,Haiti,HTI,..,79.89392,5.401016
2016,YR2016,Japan,JPN,..,43.96114,0.7570254
2016,YR2016,India,IND,..,32.55191,2.805027
2016,YR2016,Indonesia,IDN,..,40.00982,6.400705
2016,YR2016,Italy,ITA,..,66.08113,1.059196
2016,YR2016,"Korea, Rep.",KOR,..,55.27537,1.914197
2016,YR2016,Least developed countries: UN classification,LDC,..,..,..
2016,YR2016,Mexico,MEX,..,51.27603,4.937742
2016,YR2016,Middle East & North Africa (IDA total),DMN,..,..,..
2016,YR2016,Nigeria,NGA,..,40.49417,5.651366
2016,YR2016,Nepal,NPL,..,18.11775,4.04118
2016,YR2016,Netherlands,NLD,..,86.11267,1.39318
2016,YR2016,Pakistan,PAK,..,42.13082,3.723625
2016,YR2016,Philippines,PHL,..,43.64956,3.392422
2016,YR2016,Saudi Arabia,SAU,..,53.99433,2.739205
2016,YR2016,Russian Federation,RUS,..,52.88961,4.902987
2016,YR2016,South Africa,ZAF,..,75.98981,3.462312
2016,YR2016,Spain,ESP,..,59.37997,1.02476
2016,YR2016,South Asia (IDA total),DSA,..,..,..
2016,YR2016,Switzerland,CHE,..,69.99805,1.01232
2016,YR2016,United States,USA,..,42.05115,3.287158
2016,YR2016,United Kingdom,GBR,..,57.91273,1.857563
2016,YR2016,Vietnam,VNM,..,42.16673,2.976617
2017,YR2017,Argentina,ARG,31.87287,49.47339,8.447949
2017,YR2017,Brazil,BRA,45.88944,74.96376,5.899632
2017,YR2017,Australia,AUS,93.57966,69.90095,1.727451
2017,YR2017,China,CHN,59.42419,37.88866,2.331507
2017,YR2017,East Asia & Pacific (IDA total),DEA,..,..,..
2017,YR2017,El Salvador,SLV,18.24859,79.77005,6.305869
2017,YR2017,Europe & Central Asia (IDA total),DEC,..,..,..
2017,YR2017,"Egypt, Arab Rep.",EGY,5.879028,59.39202,3.696826
2017,YR2017,France,FRA,89.51934,64.25063,0.5920687
2017,YR2017,Germany,DEU,96.54574,70.55082,0.8180764
2017,YR2017,Haiti,HTI,22.69956,82.59095,5.4149
2017,YR2017,Japan,JPN,88.59802,45.16447,0.6944829
2017,YR2017,India,IND,19.9719,36.00189,2.874403
2017,YR2017,Indonesia,IDN,26.75816,40.44444,5.813468
2017,YR2017,Italy,ITA,86.16905,60.77925,1.380188
2017,YR2017,"Korea, Rep.",KOR,90.76113,82.10449,1.610937
2017,YR2017,Least developed countries: UN classification,LDC,..,..,..
2017,YR2017,Mexico,MEX,22.74496,49.26705,5.920491
2017,YR2017,Middle East & North Africa (IDA total),DMN,..,..,..
2017,YR2017,Nigeria,NGA,23.72397,41.18531,7.400814
2017,YR2017,Nepal,NPL,9.112404,17.0471,4.256532
2017,YR2017,Netherlands,NLD,96.92425,85.83873,1.37256
2017,YR2017,Pakistan,PAK,14.31714,42.99826,3.218269
2017,YR2017,Philippines,PHL,13.63918,45.88205,3.590812
2017,YR2017,Saudi Arabia,SAU,57.46933,54.28491,2.988599
2017,YR2017,Russian Federation,RUS,61.63313,56.39226,4.834054
2017,YR2017,South Africa,ZAF,43.08006,76.7561,3.662491
2017,YR2017,Spain,ESP,88.18703,58.78511,1.1244
2017,YR2017,South Asia (IDA total),DSA,..,..,..
2017,YR2017,Switzerland,CHE,95.22417,67.06906,0.9345632
2017,YR2017,United States,USA,89.00045,41.44617,3.392058
2017,YR2017,United Kingdom,GBR,94.16043,58.24015,1.774997
2017,YR2017,Vietnam,VNM,16.09714,43.49236,2.838729
2018,YR2018,Argentina,ARG,..,54.3807,7.028522
2018,YR2018,Brazil,BRA,..,73.84729,4.874835
2018,YR2018,Australia,AUS,..,69.41371,1.654815
2018,YR2018,China,CHN,..,37.70798,2.149817
2018,YR2018,East Asia & Pacific (IDA total),DEA,..,..,..
2018,YR2018,El Salvador,SLV,..,71.84499,6.54389
2018,YR2018,Europe & Central Asia (IDA total),DEC,..,..,..
2018,YR2018,"Egypt, Arab Rep.",EGY,..,60.37391,3.343693
2018,YR2018,France,FRA,..,64.68967,0.478332
2018,YR2018,Germany,DEU,..,70.30778,0.7514042
2018,YR2018,Haiti,HTI,..,81.43786,5.545039
2018,YR2018,Japan,JPN,..,45.24924,0.6253906
2018,YR2018,India,IND,..,36.74998,2.924462
2018,YR2018,Indonesia,IDN,..,40.35675,5.462384
2018,YR2018,Italy,ITA,..,62.51335,1.248938
2018,YR2018,"Korea, Rep.",KOR,..,82.12643,1.564091
2018,YR2018,Least developed countries: UN classification,LDC,..,..,..
2018,YR2018,Mexico,MEX,..,49.26028,6.049114
2018,YR2018,Middle East & North Africa (IDA total),DMN,..,..,..
2018,YR2018,Nigeria,NGA,..,39.96852,6.172265
2018,YR2018,Nepal,NPL,..,16.47958,4.180361
2018,YR2018,Netherlands,NLD,..,85.8886,1.303937
2018,YR2018,Pakistan,PAK,..,43.00279,2.882701
2018,YR2018,Philippines,PHL,..,45.83001,3.581157
2018,YR2018,Saudi Arabia,SAU,..,55.73909,3.259415
2018,YR2018,Russian Federation,RUS,..,59.42041,4.438377
2018,YR2018,South Africa,ZAF,..,77.7615,3.185765
2018,YR2018,Spain,ESP,..,64.93748,1.039155
2018,YR2018,South Asia (IDA total),DSA,..,..,..
2018,YR2018,Switzerland,CHE,..,66.80003,0.7351594
2018,YR2018,United States,USA,..,40.1511,3.53039
2018,YR2018,United Kingdom,GBR,..,45.04388,1.548244
2018,YR2018,Vietnam,VNM,..,40.22364,2.892773
2019,YR2019,Argentina,ARG,..,45.56215,10.45411
2019,YR2019,Brazil,BRA,..,73.17778,6.099525
2019,YR2019,Australia,AUS,..,68.29485,1.557086
2019,YR2019,China,CHN,..,37.88825,2.228113
2019,YR2019,East Asia & Pacific (IDA total),DEA,..,..,..
2019,YR2019,El Salvador,SLV,..,73.04533,6.675624
2019,YR2019,Europe & Central Asia (IDA total),DEC,..,..,..
2019,YR2019,"Egypt, Arab Rep.",EGY,..,60.81065,4.765906
2019,YR2019,France,FRA,..,64.13851,0.3904831
2019,YR2019,Germany,DEU,..,67.58762,0.9418611
2019,YR2019,Haiti,HTI,..,80.65757,5.564448
2019,YR2019,Japan,JPN,..,45.41903,0.5908915
2019,YR2019,India,IND,..,41.28495,2.961968
2019,YR2019,Indonesia,IDN,..,41.67445,5.474914
2019,YR2019,Italy,ITA,..,62.59521,1.156344
2019,YR2019,"Korea, Rep.",KOR,..,56.88754,2.361961
2019,YR2019,Least developed countries: UN classification,LDC,..,..,..
2019,YR2019,Mexico,MEX,..,48.9417,6.287356
2019,YR2019,Middle East & North Africa (IDA total),DMN,..,..,..
2019,YR2019,Nigeria,NGA,..,44.06876,5.871056
2019,YR2019,Nepal,NPL,..,16.1444,4.433923
2019,YR2019,Netherlands,NLD,..,86.1407,0.9870491
2019,YR2019,Pakistan,PAK,..,41.80416,3.518095
2019,YR2019,Philippines,PHL,..,45.50785,3.930733
2019,YR2019,Saudi Arabia,SAU,..,57.87059,3.296115
2019,YR2019,Russian Federation,RUS,..,58.10927,4.58536
2019,YR2019,South Africa,ZAF,..,77.28469,3.313691
2019,YR2019,Spain,ESP,..,63.38983,1.047066
2019,YR2019,South Asia (IDA total),DSA,..,..,..
2019,YR2019,Switzerland,CHE,..,66.67064,0.7804078
2019,YR2019,United States,USA,..,38.72723,3.488174
2019,YR2019,United Kingdom,GBR,..,44.79926,2.247656
2019,YR2019,Vietnam,VNM,..,39.01902,3.055387
2020,YR2020,Argentina,ARG,..,44.83677,11.4859
2020,YR2020,Brazil,BRA,..,70.45802,4.281587
2020,YR2020,Australia,AUS,..,69.39888,1.609352
2020,YR2020,China,CHN,..,38.51958,2.301121
2020,YR2020,East Asia & Pacific (IDA total),DEA,..,..,..
2020,YR2020,El Salvador,SLV,..,73.76151,6.323403
2020,YR2020,Europe & Central Asia (IDA total),DEC,..,..,..
2020,YR2020,"Egypt, Arab Rep.",EGY,..,67.77655,4.131846
2020,YR2020,France,FRA,..,66.15086,0.4933441
2020,YR2020,Germany,DEU,..,79.08395,1.01293
2020,YR2020,Haiti,HTI,..,81.00298,7.631952
2020,YR2020,Japan,JPN,..,45.63955,0.5551788
2020,YR2020,India,IND,..,39.40699,3.459566
2020,YR2020,Indonesia,IDN,..,42.694,4.803437
2020,YR2020,Italy,ITA,..,64.9905,1.158191
2020,YR2020,"Korea, Rep.",KOR,..,56.44527,1.686526
2020,YR2020,Least developed countries: UN classification,LDC,..,..,..
2020,YR2020,Mexico,MEX,..,50.68558,6.080476
2020,YR2020,Middle East & North Africa (IDA total),DMN,..,..,..
2020,YR2020,Nigeria,NGA,..,44.59077,4.724388
2020,YR2020,Nepal,NPL,..,17.34417,3.528466
2020,YR2020,Netherlands,NLD,..,88.3723,1.157743
2020,YR2020,Pakistan,PAK,..,39.74987,4.049722
2020,YR2020,Philippines,PHL,..,46.68211,4.348859
2020,YR2020,Saudi Arabia,SAU,..,60.49368,2.979908
2020,YR2020,Russian Federation,RUS,..,59.33734,3.962399
2020,YR2020,South Africa,ZAF,..,77.36108,2.874784
2020,YR2020,Spain,ESP,..,63.76128,1.059039
2020,YR2020,South Asia (IDA total),DSA,..,..,..
2020,YR2020,Switzerland,CHE,..,65.74816,0.8078389
2020,YR2020,United States,USA,..,39.28298,3.054347
2020,YR2020,United Kingdom,GBR,..,45.27813,1.852144
2020,YR2020,Vietnam,VNM,..,38.94415,3.005466
2021,YR2021,Argentina,ARG,59.14341,52.14659,10.44253
2021,YR2021,Brazil,BRA,70.73873,70.39433,4.423551
2021,YR2021,Australia,AUS,97.43361,69.13256,1.672945
2021,YR2021,China,CHN,84.54167,38.3199,2.161806
2021,YR2021,East Asia & Pacific (IDA total),DEA,..,..,..
2021,YR2021,El Salvador,SLV,18.48247,74.44777,5.995665
2021,YR2021,Europe & Central Asia (IDA total),DEC,..,..,..
2021,YR2021,"Egypt, Arab Rep.",EGY,8.197501,74.52369,3.848052
2021,YR2021,France,FRA,98.37606,66.26288,0.522127
2021,YR2021,Germany,DEU,99.48073,79.42987,0.9579074
2021,YR2021,Haiti,HTI,..,85.62331,3.95146
2021,YR2021,Japan,JPN,89.24075,46.32688,0.5420046
2021,YR2021,India,IND,24.68864,40.90227,3.181592
2021,YR2021,Indonesia,IDN,29.12727,43.29935,5.058002
2021,YR2021,Italy,ITA,92.99349,62.57964,1.071592
2021,YR2021,"Korea, Rep.",KOR,96.16539,56.31328,1.5884
2021,YR2021,Least developed countries: UN classification,LDC,..,..,..
2021,YR2021,Mexico,MEX,..,49.54401,5.66615
2021,YR2021,Middle East & North Africa (IDA total),DMN,..,..,..
2021,YR2021,Nigeria,NGA,29.4492,59.31963,3.606432
2021,YR2021,Nepal,NPL,18.7754,17.86691,3.210979
2021,YR2021,Netherlands,NLD,98.0067,88.29097,1.058259
2021,YR2021,Pakistan,PAK,14.89633,40.62607,3.254194
2021,YR2021,Philippines,PHL,38.53148,52.25436,3.558048
2021,YR2021,Saudi Arabia,SAU,72.10587,73.12428,2.719945
2021,YR2021,Russian Federation,RUS,82.38038,50.39991,0.5207083
2021,YR2021,South Africa,ZAF,70.47018,79.44789,3.05382
2021,YR2021,Spain,ESP,97.14665,71.96288,0.9053948
2021,YR2021,South Asia (IDA total),DSA,..,..,..
2021,YR2021,Switzerland,CHE,98.02178,65.6263,0.7854927
2021,YR2021,United States,USA,91.30548,38.39978,2.774517
2021,YR2021,United Kingdom,GBR,98.59076,42.90733,1.837255
2021,YR2021,Vietnam,VNM,..,37.8501,3.348294
,,,,,,
,,,,,,
,,,,,,
Data from database: Global Financial Development,,,,,,
Last Updated: 09/23/2022,,,,,,
